hydraulic_conductivity,dam_height,dam_thickness,upstream_depth,downstream_depth,head_difference,q_leak,q_overtop,q_dam,equilibrium_time
0.002,0.4375,1.26875,0.48296539903642605,0.2370346009635741,0.24593079807285195,0.0005088206043436477,0.04944082099032438,0.049949641594668026,74.40000000000005
0.005,0.4375,1.26875,0.48249940846313494,0.23750059153686517,0.24499881692626976,0.001267230940592401,0.04868266435507681,0.04994989529566921,74.50000000000004
0.01,0.4375,1.26875,0.4817250125102608,0.23827498748973858,0.2434500250205222,0.0025184398868173677,0.04743140242258481,0.04994984230940218,74.60000000000004
0.02,0.4375,1.26875,0.4801855819914297,0.23981441800857006,0.24037116398285963,0.004973179141670579,0.044976492731431957,0.049949671873102536,74.80000000000003
0.05,0.4375,1.26875,0.47563977396393764,0.2443602260360624,0.23127954792787525,0.011962691501055799,0.03798657405115767,0.04994926555221347,75.49999999999999
0.1,0.4375,1.26875,0.46828368035241313,0.25171631964758684,0.2165673607048263,0.02240343106323532,0.027544943323675845,0.04994837438691117,76.9999999999999
0.2,0.4375,1.26875,0.45417123317268515,0.2658287668273148,0.18834246634537033,0.038967216224196,0.010977508070424564,0.04994472429462057,82.2999999999996
0.25,0.4375,1.26875,0.4471735106291317,0.2728264893708683,0.1743470212582634,0.04508949434480821,0.004851918154895516,0.04994141249970373,87.89999999999928
0.28,0.4375,1.26875,0.44280346778730534,0.27719653221269464,0.1656069355746107,0.04796860647670711,0.001969457793120096,0.049938064269827206,94.19999999999892
0.3,0.4375,1.26875,0.4396376810561134,0.2803623189438866,0.15927536211222681,0.049429942431505426,0.00050386759260179,0.04993381002410722,102.19999999999847
0.31,0.4375,1.26875,0.43780327269067093,0.28219672730932904,0.1556065453813419,0.04990102390700026,2.685516737581639e-05,0.049927879074376076,109.19999999999807
0.32,0.4375,1.26875,0.435720433820005,0.28427956617999495,0.15144086764001008,0.04992776688675763,0.0,0.04992776688675763,106.09999999999825
0.33,0.4375,1.26875,0.433758797428473,0.28624120257152696,0.14751759485694604,0.04992834201623948,0.0,0.04992834201623948,103.69999999999838
0.35,0.4375,1.26875,0.43013176758738203,0.28986823241261794,0.1402635351747641,0.04992927944681803,0.0,0.04992927944681803,99.19999999999864
0.5,0.4375,1.26875,0.4113428810328164,0.30865711896718356,0.10268576206563285,0.0499372293496414,0.0,0.0499372293496414,75.59999999999998
0.67,0.4375,1.26875,0.3994611658392443,0.3205388341607557,0.07892233167848861,0.049944641040924775,0.0,0.049944641040924775,60.100000000000584
